{"recall_score_train_mean": [0.8013245033112583, 0.9, 0.8414634146341463, 0.8428571428571429, 0.8035714285714286], "recall_score_test_mean": [0.7083333333333334, 0.2727272727272727, 0.5428571428571428, 0.38461538461538464, 0.4], "weight_recall_score_train_mean": [0.44814814814814813, 0.049999999999999996, 0.12777777777777777, 0.10925925925925925, 0.08333333333333333], "weight_recall_score_test_mean": [0.4146341463414634, 0.012195121951219511, 0.07723577235772357, 0.04065040650406505, 0.04878048780487805]}