{"recall_score_train_mean": [0.7251655629139073, 0.7666666666666667, 0.8048780487804879, 0.8, 0.6607142857142857], "recall_score_test_mean": [0.6875, 0.5454545454545454, 0.6, 0.5, 0.5333333333333333], "weight_recall_score_train_mean": [0.40555555555555556, 0.04259259259259259, 0.12222222222222223, 0.1037037037037037, 0.06851851851851852], "weight_recall_score_test_mean": [0.40243902439024387, 0.024390243902439022, 0.08536585365853658, 0.052845528455284556, 0.06504065040650406]}