{"recall_score_train_mean": [0.7152317880794702, 0.7666666666666667, 0.8048780487804879, 0.7714285714285715, 0.625], "recall_score_test_mean": [0.6875, 0.5454545454545454, 0.6285714285714286, 0.5, 0.5333333333333333], "weight_recall_score_train_mean": [0.39999999999999997, 0.04259259259259259, 0.12222222222222223, 0.1, 0.06481481481481481], "weight_recall_score_test_mean": [0.40243902439024387, 0.024390243902439022, 0.08943089430894309, 0.052845528455284556, 0.06504065040650406]}