{"recall_score_train_mean": [0.8013245033112583, 0.9333333333333333, 0.8658536585365854, 0.8428571428571429, 0.7857142857142857], "recall_score_test_mean": [0.6736111111111112, 0.2727272727272727, 0.4857142857142857, 0.34615384615384615, 0.4], "weight_recall_score_train_mean": [0.44814814814814813, 0.05185185185185185, 0.13148148148148148, 0.10925925925925925, 0.08148148148148147], "weight_recall_score_test_mean": [0.3943089430894309, 0.012195121951219511, 0.06910569105691057, 0.036585365853658534, 0.04878048780487805]}