{"recall_score_train_mean": [0.7880794701986755, 0.8666666666666667, 0.7804878048780488, 0.8285714285714286, 0.75], "recall_score_test_mean": [0.7361111111111112, 0.45454545454545453, 0.6, 0.5, 0.4], "weight_recall_score_train_mean": [0.4407407407407407, 0.04814814814814815, 0.11851851851851852, 0.10740740740740741, 0.07777777777777778], "weight_recall_score_test_mean": [0.43089430894308944, 0.02032520325203252, 0.08536585365853658, 0.052845528455284556, 0.04878048780487805]}